ITEM;DESCRICION;unidad;PRECIO UNITARIO
;Planta baja;;
1.1;Limpieza de Terreno. Retiro de escombros;m2;8.000
1.2;Replanteo y Marcación;m2;3.500
1.3;Aislación horizontal con pintura asfáltica de 0.15m.;ml;18.000
1.4;Aislación horizontal con pintura asfáltica de 0,30 m;ml;21.000
1.5;Aislación horizontal con pintura asfáltica de 0,45 m;ml;24.000
1.6;Aislación horizontal de baños con Aditivo Hidrófugo Betocem;m2;34.000
1.7;Mampostería de nivelación de 0.30m.;m2;41.000
1.8;Doble Mampostería de elevación de 0,15 de ladrillo visto ambas caras (0,30);m2;100.000
1.9;Mampostería de elevación de ladrillo común de 0.15m.;m2;31.000
1.10;Envarillado de mampostería de 6mm a media altura;ml;10.000
1.11;Envarillado doble de mampostería de 8mm en dinteles de aberturas;ml;25.000
1.12;Azotada impermeable;m2;10.000
1.13;Revoque interior con hidrófugo para revestimiento en baños;m2;25.000
1.14;Revoque de mochetas;ml;30.000
1.15;Contrapiso de cascotes cerámicos de 10cm. Sobre terreno natural. Para baños;m2;20.000
1.16;Carpeta de nivelación Esp.= 0,03m;m2;25.000
1.17;Piso de granito reconstituido 30x30 de color gris;m2;38.000
1.18;Colocacion de piso paver, incluye colchon de triturada sexta;m2;35.000
1.19;Zócalo de granito reconstituido de color gris (h=10cm);ml;18.000
1.20;Revestimiento Cerámico de azulejos tipo piso/pared en muro 20x30cm;m2;40.000
1.21;Excavación para fundación;m3;60.000
1.22;Cimiento de piedra bruta colocada;m3;110.000
1.23;Viga de H°A°;m3;800.000
1.24;Mampostería de elevación de ladrillo semiprensado visto una cara de 0,15 m;m2;50.000
1.25;Mampostería de elevación de ladrillo común 0,30 m;m2;52.000
1.26;Mampostería de elevación de ladrillo común 0,45 m;m2;83.000
1.27;Viga cadena superior;m3;850.000
1.28;Pilar de H°A°;m3;800.000
1.29;Losa de H°A°;m3;850.000
1.30;Zapata de H°A°;m3;750.000
1.31;Viga de H°A°;m3;800.000
1.32;Pintura exterior de paredes al latex nacional;m2;23.000
1.33;Pintura de techo al latex nacional;m2;23.000
1.34;Pintura interior de paredes al latex nacional, incluye enduido;m2;30.000
1.35;Pintura interior de cielorraso/losa al latex nacional, incluye enduido;m2;32.000
1.36;Pintura de aberturas de madera u marcos al barnis natural;m2;22.000
1.37;Pintura de aberturas metalicas;m2;25.000
1.38;Limpieza con acido de ladrillos vistos y posterior proteccion con silicona;m2;18.000
1.39;Demolición de Aberturas (Puertas);un;50.000
1.40;Demolición de Aberturas (ventanas);un;23.000
1.41;Demolición de mamposterías sin recuperación;m2;12.000
1.42;Demolición de pilares, vigas de H°A° y escaleras;ml;35.000
1.43;Demolición de pisos y contrapisos;m2;11.000
1.44;Demolición de Azulejos;m2;11.000
1.45;Desmonte de artefactos sanitarios;un;0
1.46;Demolición de techo de teja con recuperación;m2;38.000
1.47;Demolición de estructura metálica;m2;32.000
1.48;Demolición de rampas y losas;m2;40.000
1.49;Demolición de bachas/lavatorios;un;10.000
1.50;Demolición de mamparas;m2;10.000
1.51;Demolicion de entrepiso de madera sin recuperacion;m2;26.400
;Planta alta;;
2.1;Limpieza de Terreno. Retiro de escombros;m2;8.400
2.2;Replanteo y Marcación;m2;3.675
2.3;Mampostería de elevación de ladrillo semiprensado visto una cara de 0,15 m;m2;52.500
2.4;Doble Mampostería de elevación de 0,15 de ladrillo visto ambas caras (0,30);m2;105.000
2.5;Mampostería de elevación de ladrillo común de 0.15m.;m2;33.000
2.6;Mampostería de elevación de ladrillo común de 0.20m.;m2;45.000
2.7;Mampostería de elevación de ladrillo común de 0.30m.;m2;54.600
2.8;Mampostería de elevación de ladrillo común de 0.35m.;m2;65.450
2.9;Mampostería de elevación de ladrillo común de 0.45m.;m2;87.150
2.10;Mampostería de elevación de ladrillo tipo convocó;m2;42.000
2.11;Envarillado de mampostería de 6mm a media altura;ml;10.500
2.12;Envarillado doble de mampostería de 8mm en dinteles de aberturas;ml;26.250
2.13;Azotada impermeable;m2;10.500
2.14;Revoque interior a 1 capa a la cal. Terminación fratachada;m2;26.250
2.15;Revoque interior con hidrófugo para revestimiento en baños;m2;26.250
2.16;Revoque de mochetas;ml;31.500
2.17;Contrapiso de cascotes cerámicos de 10cm. Sobre losa.;m2;21.000
2.18;Carpeta base para piso cerámico Esp.= 0,03m;m2;26.250
2.19;Piso de granito rectificado 30x30 de color gris;m2;39.900
2.20;Zócalo de granito rectificado de color gris (h=10cm);ml;18.900
2.21;Revestimiento Cerámico de azulejos tipo piso/pared en muro 20x30cm;m2;42.000
2.22;Demolición de mamposterías;m2;12.600
2.23;Sardinel;m2;15.750
2.24;Limpieza;m2;4.200
2.25;Nicho de H°A° de 0.10x0.45;ml;72.000
